{"train_loss": 0.003464937143559967, "train_R2": 0.9964903615506234, "_timestamp": 1717575980.2990022, "val_loss": 0.027118204161524773, "val_R2": 0.9733833033454607, "test_loss": 0.043543660640716554, "test_R2": 0.9564122356797973, "_runtime": 1635.0677621364594, "_step": 499, "_wandb": {"runtime": 1634}}