{"epoch": 20, "toatl_loss": 4.694509983062744, "regre_loss": 0.14588481932878494, "cls_loss": 4.548625230789185, "R2": -3.7196798509586806, "cls_acc": 0.011627906933426857, "_timestamp": 1718176067.7500896, "_runtime": 20.722092628479004, "_step": 20, "_wandb": {"runtime": 19}}