{"train_loss": 0.002642619609832764, "train_R2": 0.9705777879256572, "_timestamp": 1716283713.3233974, "val_loss": 0.00758271695425113, "val_R2": 0.9393711379133617, "test_loss": 0.007385697623249143, "test_R2": 0.9194047226531308, "_runtime": 1112.3353304862976, "_step": 499, "_wandb": {"runtime": 1110}}