{"epoch": 999, "toatl_loss": 3.787192702293396, "regre_loss": 0.021047831512987614, "cls_loss": 3.766144871711731, "R2": 0.9792151504392629, "cls_acc": 0.75, "_timestamp": 1718178420.8204226, "val_toatl_loss": 4.179227352142334, "val_regre_loss": 0.08031218498945236, "val_cls_loss": 4.098915100097656, "val_R2": 0.9098289193975481, "val_cls_acc": 0.4933333396911621, "_runtime": 882.8293385505676, "_step": 999, "_wandb": {"runtime": 881}}