{"train_loss": 0.002134939655661583, "train_R2": 0.9770647067800823, "_timestamp": 1716280510.7305832, "val_loss": 0.004644022012750308, "val_R2": 0.9553698992633235, "test_loss": 0.02852936921020349, "test_R2": 0.6627887721025065, "_runtime": 814.3337261676788, "_step": 499, "_wandb": {"runtime": 813}}