{"_wandb": {"runtime": 1}, "epoch": 0, "toatl_loss": 51.593865394592285, "regre_loss": 47.073707818984985, "cls_loss": 4.520157814025879, "R2": -1047.2996579088806, "cls_acc": 0.011627906933426857, "_timestamp": 1718175226.537074, "_runtime": 2.9224400520324707, "_step": 0}