{"train_loss": 0.001035800616426224, "train_R2": 0.98823727567191, "_timestamp": 1716345023.4208026, "val_loss": 0.0036122990306466816, "val_R2": 0.9620959427467302, "test_loss": 0.021440848475322127, "test_R2": 0.7528159455181869, "_runtime": 1193.1126396656036, "_step": 499, "_wandb": {"runtime": 1191}}