{"train_loss": 0.0060892092064023014, "train_R2": 0.9939068127895696, "_timestamp": 1716282168.8217986, "val_loss": 0.07733304053544998, "val_R2": 0.9421376389654296, "test_loss": 0.7546024546027184, "test_R2": 0.24433052415403567, "_runtime": 741.5089375972748, "_step": 499, "_wandb": {"runtime": 740}}