{"train_loss": 0.0010297407385554504, "train_R2": 0.9878461138611963, "_timestamp": 1716344848.031401, "val_loss": 0.004143140837550163, "val_R2": 0.9519006504208058, "test_loss": 0.045992843341082335, "test_R2": 0.5177403022410325, "_runtime": 1283.171234846115, "_step": 499, "_wandb": {"runtime": 1281}}