{"train_loss": 0.008114199386909604, "train_R2": 0.922845099192826, "_timestamp": 1717075527.1374896, "val_loss": 0.058116354048252106, "val_R2": 0.44334459767312184, "test_loss": 0.10588295012712479, "test_R2": -0.1146861939682488, "_runtime": 7191.130980491638, "_step": 499, "_wandb": {"runtime": 7190}}