{"train_loss": 0.0011518226626018684, "train_R2": 0.9877662874160189, "_timestamp": 1716368627.494581, "val_loss": 0.0054343136337896185, "val_R2": 0.9445258368482483, "test_loss": 0.009131619008257985, "test_R2": 0.9014439135442647, "_runtime": 792.041403055191, "_step": 499, "_wandb": {"runtime": 791}}