{"train_loss": 0.004854636838320981, "train_R2": 0.9951682856567645, "_timestamp": 1717728631.0388865, "val_loss": 0.04622356146574021, "val_R2": 0.9532892747408779, "test_loss": 0.055419542361050844, "test_R2": 0.9445145799117682, "_runtime": 1446.0605115890503, "_step": 499, "_wandb": {"runtime": 1444}}