{"train_loss": 0.046459722332656384, "train_R2": 0.9540790826578063, "_timestamp": 1717067031.6528635, "val_loss": 0.05741062015295029, "val_R2": 0.9452437435124363, "test_loss": 0.09571580706458342, "test_R2": 0.9042408955678727, "_runtime": 188.74970960617065, "_step": 98, "_wandb": {"runtime": 188}}