{"train_loss": 0.00928512797690928, "train_R2": 0.9905145500582382, "_timestamp": 1716361747.8733835, "val_loss": 0.03554429238041242, "val_R2": 0.9636474407390743, "test_loss": 0.42968621477484703, "test_R2": 0.5480054694793313, "_runtime": 723.2169275283813, "_step": 499, "_wandb": {"runtime": 722}}