{"train_loss": 0.00928512797690928, "train_R2": 0.9905145500582382, "_timestamp": 1716368715.6324801, "val_loss": 0.03554429238041242, "val_R2": 0.9636474407390743, "test_loss": 0.12352836225181818, "test_R2": 0.8760918410752692, "_runtime": 885.7761831283569, "_step": 499, "_wandb": {"runtime": 884}}