{"train_loss": 0.003133082778991333, "train_R2": 0.9968721042529529, "_timestamp": 1717120843.8397346, "val_loss": 0.026500442375739414, "val_R2": 0.9735099271449601, "test_loss": 0.0314593156799674, "test_R2": 0.968503244417187, "_runtime": 1004.2502865791321, "_step": 499, "_wandb": {"runtime": 1003}}