{"epoch": 48, "toatl_loss": 4.709774017333984, "regre_loss": 0.13506053388118744, "cls_loss": 4.574713706970215, "R2": -2.5000053986171205, "cls_acc": 0.0, "_timestamp": 1718175364.2678123, "_runtime": 45.7377233505249, "_step": 48, "_wandb": {"runtime": 44}}