{"train_loss": 0.02397860586643219, "train_R2": 0.9760213928617347, "_timestamp": 1717483484.0716624, "val_loss": 0.14374291896820068, "val_R2": 0.8562570864097245, "test_loss": 0.2343118730932474, "test_R2": 0.7662891856894085, "_runtime": 427.19166231155396, "_step": 499, "_wandb": {"runtime": 426}}