{"train_loss": 0.014092806105812391, "train_R2": 0.9855402089720147, "_timestamp": 1717057964.4430952, "val_loss": 0.09200835973024368, "val_R2": 0.9079916327700014, "test_loss": 0.04307541809976101, "test_R2": 0.9572438827472041, "_runtime": 698.5412101745605, "_step": 499, "_wandb": {"runtime": 697}}