{"train_loss": 0.022718384861946106, "train_R2": 0.9762625311240571, "_timestamp": 1717060577.6927269, "val_loss": 0.07597784698009491, "val_R2": 0.9240221615490669, "test_loss": 0.10494990088045597, "test_R2": 0.8945546003611806, "_runtime": 604.6293098926544, "_step": 499, "_wandb": {"runtime": 603}}