{"train_loss": 0.021290153730660677, "train_R2": 0.9813479294138487, "_timestamp": 1717484039.8052313, "val_loss": 0.07041435316205025, "val_R2": 0.9297563554591624, "test_loss": 0.10290981084108353, "test_R2": 0.8970901893441878, "_runtime": 523.7788093090057, "_step": 499, "_wandb": {"runtime": 522}}