{"train_loss": 0.003182784230871634, "train_R2": 0.9968372556588939, "_timestamp": 1716344854.0309286, "val_loss": 0.04417114481329918, "val_R2": 0.9553575850917315, "test_loss": 0.55199334025383, "test_R2": 0.44790559164818816, "_runtime": 1301.0428266525269, "_step": 499, "_wandb": {"runtime": 1299}}