{"train_loss": 0.0050657643005251884, "train_R2": 0.9949977055973889, "_timestamp": 1716281852.2555287, "val_loss": 0.06573827813069026, "val_R2": 0.9380044688105951, "test_loss": 0.44387665018439293, "test_R2": 0.5559020902135035, "_runtime": 797.7641286849976, "_step": 499, "_wandb": {"runtime": 796}}