{"train_loss": 0.02943702507764101, "train_R2": 0.9706804713335264, "_timestamp": 1717066497.4640708, "val_loss": 0.04538804292678833, "val_R2": 0.9561550480678928, "test_loss": 0.08595410597167517, "test_R2": 0.9139352920585151, "_runtime": 207.9517056941986, "_step": 108, "_wandb": {"runtime": 207}}