{"epoch": 499, "toatl_loss": 4.229496955871582, "regre_loss": 0.029696641489863396, "cls_loss": 4.199800252914429, "R2": 0.01439030330140495, "cls_acc": 0.3372093141078949, "_timestamp": 1718177257.39619, "val_toatl_loss": 4.513126850128174, "val_regre_loss": 0.012007192708551884, "val_cls_loss": 4.501119613647461, "val_R2": 0.6058836018790145, "val_cls_acc": 0.09333333373069763, "_runtime": 457.27689003944397, "_step": 499, "_wandb": {"runtime": 455}}