{"train_loss": 0.6184950172901154, "train_R2": 0.45250337656220274, "_timestamp": 1717067169.8933434, "val_loss": 0.456305593252182, "val_R2": 0.5436944357070146, "test_loss": 0.5880217216908932, "test_R2": 0.41128750659798174, "_runtime": 33.38922739028931, "_step": 19, "_wandb": {"runtime": 32}}