{"train_loss": 0.0050657643005251884, "train_R2": 0.9949977055973889, "_timestamp": 1716282990.6378064, "val_loss": 0.06573827813069026, "val_R2": 0.9380044688105951, "test_loss": 0.13610019627958536, "test_R2": 0.8712158639859933, "_runtime": 963.9153623580933, "_step": 499, "_wandb": {"runtime": 962}}