{"train_loss": 0.006980870511721481, "train_R2": 0.992966096898023, "_timestamp": 1717664262.8922365, "val_loss": 0.04202080965042114, "val_R2": 0.9581492583159192, "test_loss": 0.3048538453876972, "test_R2": 0.6951400490875377, "_runtime": 883.3254015445709, "_step": 499, "_wandb": {"runtime": 882}}