{"train_loss": 0.005335627389805657, "train_R2": 0.9945949023572386, "_timestamp": 1717575975.0851748, "val_loss": 0.02506456399957339, "val_R2": 0.9749393939280839, "test_loss": 0.03675010924537977, "test_R2": 0.9623747731421983, "_runtime": 1636.6751818656921, "_step": 499, "_wandb": {"runtime": 1635}}