{"epoch": 25, "toatl_loss": 4.777919769287109, "regre_loss": 0.21418411284685135, "cls_loss": 4.563735723495483, "R2": -5.493034000514447, "cls_acc": 0.0, "_timestamp": 1718177495.0406308, "val_toatl_loss": 4.629047393798828, "val_regre_loss": 0.05433838814496994, "val_cls_loss": 4.574708938598633, "val_R2": -0.7007675271897773, "val_cls_acc": 0.02666666731238365, "_runtime": 25.276763916015625, "_step": 25, "_wandb": {"runtime": 24}}