{"train_loss": 0.08404762422045071, "train_R2": 0.9165255982912797, "_timestamp": 1716281662.1077158, "val_loss": 0.06386923293272655, "val_R2": 0.9380645380424839, "test_loss": 0.35204702417055767, "test_R2": 0.6473856274839253, "_runtime": 79.10625576972961, "_step": 35, "_wandb": {"runtime": 78}}