{"train_loss": 0.0060892092064023014, "train_R2": 0.9939068127895696, "_timestamp": 1716284246.4395838, "val_loss": 0.07733304053544998, "val_R2": 0.9421376389654297, "test_loss": 0.41836928855627775, "test_R2": 0.5743660392208381, "_runtime": 1171.7812678813934, "_step": 499, "_wandb": {"runtime": 1170}}