{"train_loss": 0.022718384861946106, "train_R2": 0.9762625311240571, "_timestamp": 1717058110.4660747, "val_loss": 0.07597784698009491, "val_R2": 0.9240221615490669, "test_loss": 0.7811279892921448, "test_R2": 0.19673927234545108, "_runtime": 505.3470916748047, "_step": 499, "_wandb": {"runtime": 504}}