{"train_loss": 0.022718384861946106, "train_R2": 0.9762625311240571, "_timestamp": 1717061689.6758497, "val_loss": 0.07597784698009491, "val_R2": 0.9240221615490669, "test_loss": 0.10746242354313533, "test_R2": 0.8924294828950912, "_runtime": 582.5456626415253, "_step": 499, "_wandb": {"runtime": 581}}