{"train_loss": 0.002642619609832764, "train_R2": 0.9705777879256572, "_timestamp": 1716284175.1240454, "val_loss": 0.00758271695425113, "val_R2": 0.9393711379133617, "test_loss": 0.02821685199160129, "test_R2": 0.6646594257698976, "_runtime": 1061.0725483894348, "_step": 499, "_wandb": {"runtime": 1060}}