{"train_loss": 0.289291062951088, "train_R2": -2.2393550834417075, "_timestamp": 1716282211.2105753, "val_loss": 0.15923848251501718, "val_R2": -0.7574205223660546, "test_loss": 0.20619183592498302, "test_R2": -1.1652287874678993, "_runtime": 14.29361629486084, "_step": 7, "_wandb": {"runtime": 13}}