{"train_loss": 0.004280001235504945, "train_R2": 0.9957087634802997, "_timestamp": 1717569678.0140955, "val_loss": 0.05754253640770912, "val_R2": 0.9393340046579279, "_runtime": 384.5473954677582, "_step": 499, "_wandb": {"runtime": 383}}