{"epoch": 18, "toatl_loss": 4.746203422546387, "regre_loss": 0.1714899092912674, "cls_loss": 4.574713706970215, "R2": -8.133511774945443, "cls_acc": 0.0, "_timestamp": 1718175731.474514, "_runtime": 19.247332096099854, "_step": 18, "_wandb": {"runtime": 18}}