{"train_loss": 0.004309025190939958, "train_R2": 0.9956952442894941, "_timestamp": 1717729712.6848853, "val_loss": 0.04635645374655724, "val_R2": 0.9533650696852718, "test_loss": 0.12879567220807076, "test_R2": 0.8641816078338332, "_runtime": 2174.703548192978, "_step": 499, "_wandb": {"runtime": 2173}}