{"epoch": 78, "toatl_loss": 4.624828815460205, "regre_loss": 0.050116948783397675, "cls_loss": 4.574711799621582, "R2": -0.7065540113886971, "cls_acc": 0.0, "_timestamp": 1718176210.6151965, "_runtime": 73.80988144874573, "_step": 78, "_wandb": {"runtime": 72}}