{"train_loss": 0.0037810030293517877, "train_R2": 0.9961888209941991, "_timestamp": 1717575920.935143, "val_loss": 0.02447458232442538, "val_R2": 0.9755649320925756, "test_loss": 0.03710532560944557, "test_R2": 0.9628680030248358, "_runtime": 1597.5407209396362, "_step": 499, "_wandb": {"runtime": 1596}}