{"train_loss": 0.008966492721810937, "train_R2": 0.9906764280500379, "_timestamp": 1717068227.5345392, "val_loss": 0.0465571116656065, "val_R2": 0.9545597303555029, "test_loss": 0.07356845724739526, "test_R2": 0.9263190390474971, "_runtime": 999.7598462104797, "_step": 499, "_wandb": {"runtime": 998}}