{"train_loss": 0.01596164479851723, "train_R2": 0.9840634334094016, "_timestamp": 1716360949.2676673, "val_loss": 0.08991433928410213, "val_R2": 0.9293698483569615, "test_loss": 0.690579354763031, "test_R2": 0.30961268611342607, "_runtime": 718.084132194519, "_step": 499, "_wandb": {"runtime": 717}}