{"train_loss": 0.004521934226012001, "train_R2": 0.995477096659572, "_timestamp": 1717575944.8263774, "val_loss": 0.026640733393530052, "val_R2": 0.9729741040902986, "test_loss": 0.05634792956213156, "test_R2": 0.9445620589024541, "_runtime": 1612.907250404358, "_step": 499, "_wandb": {"runtime": 1611}}