{"train_loss": 0.003145299343900247, "train_R2": 0.9968551987658822, "_timestamp": 1716345056.700219, "val_loss": 0.04167972654104233, "val_R2": 0.9583979350571132, "test_loss": 0.18780246935784817, "test_R2": 0.8119545242202507, "_runtime": 1235.4099249839783, "_step": 499, "_wandb": {"runtime": 1232}}