{"train_loss": 0.002642619609832764, "train_R2": 0.9705777879256571, "_timestamp": 1716283220.1793723, "val_loss": 0.00758271695425113, "val_R2": 0.9393711379133617, "test_loss": 0.05461622402071953, "test_R2": 0.42781405653403765, "_runtime": 986.5889012813568, "_step": 499, "_wandb": {"runtime": 985}}