{"epoch": 10, "toatl_loss": 4.9161036014556885, "regre_loss": 0.3737165480852127, "cls_loss": 4.542387008666992, "R2": -11.98668224103378, "cls_acc": 0.011627906933426857, "_timestamp": 1718175773.9742055, "_runtime": 11.828487396240234, "_step": 10, "_wandb": {"runtime": 15}}