{"train_loss": 0.0050657643005251884, "train_R2": 0.9949977055973889, "_timestamp": 1716280980.333584, "val_loss": 0.06573827813069026, "val_R2": 0.9380044688105951, "test_loss": 0.2576178312301636, "test_R2": 0.7417661529722079, "_runtime": 762.8109321594238, "_step": 499, "_wandb": {"runtime": 761}}