{"train_loss": 0.0011518226626018684, "train_R2": 0.9877662874160189, "_timestamp": 1716362715.092705, "val_loss": 0.0054343136337896185, "val_R2": 0.9445258368482483, "test_loss": 0.029474462382495403, "test_R2": 0.6590369184729346, "_runtime": 769.1850709915161, "_step": 499, "_wandb": {"runtime": 767}}