{"epoch": 499, "toatl_loss": 43.77326583862305, "regre_loss": 0.035395603626966476, "cls_loss": 4.373786926269531, "R2": -0.03768913595771067, "cls_acc": 0.2133333384990692, "_timestamp": 1718176705.90238, "_runtime": 449.8071620464325, "_step": 499, "_wandb": {"runtime": 448}}