{"train_loss": 0.022718384861946106, "train_R2": 0.9762625311240571, "_timestamp": 1717058949.9302185, "val_loss": 0.07597784698009491, "val_R2": 0.9240221615490669, "test_loss": 0.1123344185096877, "test_R2": 0.8872331399193776, "_runtime": 588.825852394104, "_step": 499, "_wandb": {"runtime": 587}}