{"train_loss": 0.004199741768058051, "train_R2": 0.995783707477139, "_timestamp": 1717657696.8501737, "val_loss": 0.04214088842272758, "val_R2": 0.9573511912820606, "test_loss": 0.058770628180354834, "test_R2": 0.9413142797741776, "_runtime": 823.0627236366272, "_step": 499, "_wandb": {"runtime": 822}}