{"train_loss": 0.0060892092064023014, "train_R2": 0.9939068127895696, "_timestamp": 1716283698.96428, "val_loss": 0.07733304053544998, "val_R2": 0.9421376389654296, "test_loss": 0.08572749700397253, "test_R2": 0.9142775881517208, "_runtime": 1125.0153529644012, "_step": 499, "_wandb": {"runtime": 1124}}