{"epoch": 37, "toatl_loss": 5.210820198059082, "regre_loss": 0.6621480584144592, "cls_loss": 4.548672199249268, "R2": 0.3377620575385159, "cls_acc": 0.01744186133146286, "_timestamp": 1718180481.1469908, "val_toatl_loss": 5.161239147186279, "val_regre_loss": 0.586525022983551, "val_cls_loss": 4.574714183807373, "val_R2": 0.380050898585645, "val_cls_acc": 0.0, "_runtime": 35.284613847732544, "_step": 37, "_wandb": {"runtime": 34}}