{"_wandb": {"runtime": 2}, "epoch": 0, "toatl_loss": 51.593865394592285, "regre_loss": 47.073707818984985, "cls_loss": 4.520157814025879, "R2": -1047.2996579088806, "cls_acc": 0.011627906933426857, "_timestamp": 1718175254.3231335, "_runtime": 3.0436813831329346, "_step": 0}