{"train_loss": 0.09763353876769543, "train_R2": 0.8997592343461085, "_timestamp": 1717066624.1850524, "val_loss": 0.11646777018904686, "val_R2": 0.8834337850109366, "test_loss": 0.13650323568206085, "test_R2": 0.8635802553645002, "_runtime": 92.37979531288147, "_step": 46, "_wandb": {"runtime": 92}}